{
    "name": "root",
    "gauges": {
        "SmartBall.Policy.Entropy.mean": {
            "value": 1.4009124040603638,
            "min": 1.3952070474624634,
            "max": 1.4155688285827637,
            "count": 20
        },
        "SmartBall.Policy.Entropy.sum": {
            "value": 28116.3125,
            "min": 27860.265625,
            "max": 28529.375,
            "count": 20
        },
        "SmartBall.Step.mean": {
            "value": 399938.0,
            "min": 19976.0,
            "max": 399938.0,
            "count": 20
        },
        "SmartBall.Step.sum": {
            "value": 399938.0,
            "min": 19976.0,
            "max": 399938.0,
            "count": 20
        },
        "SmartBall.Policy.ExtrinsicValueEstimate.mean": {
            "value": 0.0348697192966938,
            "min": -0.015157023444771767,
            "max": 0.0380600281059742,
            "count": 20
        },
        "SmartBall.Policy.ExtrinsicValueEstimate.sum": {
            "value": 12.727447509765625,
            "min": -5.107916831970215,
            "max": 13.701610565185547,
            "count": 20
        },
        "SmartBall.Environment.EpisodeLength.mean": {
            "value": 152.171875,
            "min": 152.171875,
            "max": 764.1428571428571,
            "count": 20
        },
        "SmartBall.Environment.EpisodeLength.sum": {
            "value": 19478.0,
            "min": 18109.0,
            "max": 22110.0,
            "count": 20
        },
        "SmartBall.Environment.CumulativeReward.mean": {
            "value": 0.0678604649336532,
            "min": -0.17012500312800208,
            "max": 0.0743333334229569,
            "count": 20
        },
        "SmartBall.Environment.CumulativeReward.sum": {
            "value": 8.753999976441264,
            "min": -4.249000338837504,
            "max": 9.589000011561438,
            "count": 20
        },
        "SmartBall.Policy.ExtrinsicReward.mean": {
            "value": 0.0678604649336532,
            "min": -0.17012500312800208,
            "max": 0.0743333334229569,
            "count": 20
        },
        "SmartBall.Policy.ExtrinsicReward.sum": {
            "value": 8.753999976441264,
            "min": -4.249000338837504,
            "max": 9.589000011561438,
            "count": 20
        },
        "SmartBall.Losses.PolicyLoss.mean": {
            "value": 0.046004517300752924,
            "min": 0.04235577359213494,
            "max": 0.052266997723684955,
            "count": 20
        },
        "SmartBall.Losses.PolicyLoss.sum": {
            "value": 0.3680361384060234,
            "min": 0.3102489220754554,
            "max": 0.41813598178947964,
            "count": 20
        },
        "SmartBall.Losses.ValueLoss.mean": {
            "value": 0.0002129655866459264,
            "min": 7.927243234354094e-05,
            "max": 0.00044698367893856604,
            "count": 20
        },
        "SmartBall.Losses.ValueLoss.sum": {
            "value": 0.0017037246931674113,
            "min": 0.0005549070264047866,
            "max": 0.003128885752569962,
            "count": 20
        },
        "SmartBall.Policy.LearningRate.mean": {
            "value": 7.406347531249999e-06,
            "min": 7.406347531249999e-06,
            "max": 0.00029219443117328573,
            "count": 20
        },
        "SmartBall.Policy.LearningRate.sum": {
            "value": 5.925078024999999e-05,
            "min": 5.925078024999999e-05,
            "max": 0.0022212308095897497,
            "count": 20
        },
        "SmartBall.Policy.Epsilon.mean": {
            "value": 0.10246875,
            "min": 0.10246875,
            "max": 0.19739814285714288,
            "count": 20
        },
        "SmartBall.Policy.Epsilon.sum": {
            "value": 0.81975,
            "min": 0.7875902499999999,
            "max": 1.54041025,
            "count": 20
        },
        "SmartBall.Policy.Beta.mean": {
            "value": 0.00013319062500000001,
            "min": 0.00013319062500000001,
            "max": 0.004870167328571429,
            "count": 20
        },
        "SmartBall.Policy.Beta.sum": {
            "value": 0.0010655250000000001,
            "min": 0.0010655250000000001,
            "max": 0.037026471475,
            "count": 20
        },
        "SmartBall.IsTraining.mean": {
            "value": 1.0,
            "min": 1.0,
            "max": 1.0,
            "count": 20
        },
        "SmartBall.IsTraining.sum": {
            "value": 1.0,
            "min": 1.0,
            "max": 1.0,
            "count": 20
        }
    },
    "metadata": {
        "timer_format_version": "0.1.0",
        "start_time_seconds": "1621862985",
        "python_version": "3.8.10 (default, May 19 2021, 13:12:57) [MSC v.1916 64 bit (AMD64)]",
        "command_line_arguments": "C:\\Users\\josem\\anaconda3\\envs\\ml-agents-17\\Scripts\\mlagents-learn SmartBall.yaml --run-id=SmartBall_3TryNormERew",
        "mlagents_version": "0.26.0",
        "mlagents_envs_version": "0.26.0",
        "communication_protocol_version": "1.5.0",
        "pytorch_version": "1.7.1+cu110",
        "numpy_version": "1.20.3",
        "end_time_seconds": "1621864036"
    },
    "total": 1050.8665814,
    "count": 1,
    "self": 0.011355300000104762,
    "children": {
        "run_training.setup": {
            "total": 0.08819589999999988,
            "count": 1,
            "self": 0.08819589999999988
        },
        "TrainerController.start_learning": {
            "total": 1050.7670302,
            "count": 1,
            "self": 0.9815239000006386,
            "children": {
                "TrainerController._reset_env": {
                    "total": 4.741622,
                    "count": 1,
                    "self": 4.741622
                },
                "TrainerController.advance": {
                    "total": 1044.9497343999992,
                    "count": 67659,
                    "self": 0.9196892000027219,
                    "children": {
                        "env_step": {
                            "total": 905.4646423000177,
                            "count": 67659,
                            "self": 799.4654797000454,
                            "children": {
                                "SubprocessEnvManager._take_step": {
                                    "total": 104.9840085999833,
                                    "count": 67659,
                                    "self": 2.8368945999803827,
                                    "children": {
                                        "TorchPolicy.evaluate": {
                                            "total": 102.14711400000292,
                                            "count": 66702,
                                            "self": 34.32386960002026,
                                            "children": {
                                                "TorchPolicy.sample_actions": {
                                                    "total": 67.82324439998266,
                                                    "count": 66702,
                                                    "self": 67.82324439998266
                                                }
                                            }
                                        }
                                    }
                                },
                                "workers": {
                                    "total": 1.0151539999888977,
                                    "count": 67659,
                                    "self": 0.0,
                                    "children": {
                                        "worker_root": {
                                            "total": 1045.4026684999915,
                                            "count": 67659,
                                            "is_parallel": true,