{
    "name": "root",
    "gauges": {
        "SmartBall.Policy.Entropy.mean": {
            "value": 1.4031693935394287,
            "min": 1.4030588865280151,
            "max": 1.4226247072219849,
            "count": 20
        },
        "SmartBall.Policy.Entropy.sum": {
            "value": 28245.798828125,
            "min": 27957.3515625,
            "max": 28630.5703125,
            "count": 20
        },
        "SmartBall.Step.mean": {
            "value": 399994.0,
            "min": 19985.0,
            "max": 399994.0,
            "count": 20
        },
        "SmartBall.Step.sum": {
            "value": 399994.0,
            "min": 19985.0,
            "max": 399994.0,
            "count": 20
        },
        "SmartBall.Policy.ExtrinsicValueEstimate.mean": {
            "value": 0.21490614116191864,
            "min": -0.026637304574251175,
            "max": 0.25649556517601013,
            "count": 20
        },
        "SmartBall.Policy.ExtrinsicValueEstimate.sum": {
            "value": 79.73017883300781,
            "min": -8.5772123336792,
            "max": 95.15985107421875,
            "count": 20
        },
        "SmartBall.Environment.EpisodeLength.mean": {
            "value": 161.59848484848484,
            "min": 140.96323529411765,
            "max": 698.1739130434783,
            "count": 20
        },
        "SmartBall.Environment.EpisodeLength.sum": {
            "value": 21331.0,
            "min": 16058.0,
            "max": 22135.0,
            "count": 20
        },
        "SmartBall.Environment.CumulativeReward.mean": {
            "value": 0.3950075141567373,
            "min": 0.05389128516063742,
            "max": 0.4523043461427417,
            "count": 20
        },
        "SmartBall.Environment.CumulativeReward.sum": {
            "value": 52.53599938284606,
            "min": 2.4789991173893213,
            "max": 62.41799976769835,
            "count": 20
        },
        "SmartBall.Policy.ExtrinsicReward.mean": {
            "value": 0.3950075141567373,
            "min": 0.05389128516063742,
            "max": 0.4523043461427417,
            "count": 20
        },
        "SmartBall.Policy.ExtrinsicReward.sum": {
            "value": 52.53599938284606,
            "min": 2.4789991173893213,
            "max": 62.41799976769835,
            "count": 20
        },
        "SmartBall.Losses.PolicyLoss.mean": {
            "value": 0.05342565419850871,
            "min": 0.0411198065072919,
            "max": 0.05342565419850871,
            "count": 20
        },
        "SmartBall.Losses.PolicyLoss.sum": {
            "value": 0.4274052335880697,
            "min": 0.29299207852842907,
            "max": 0.4274052335880697,
            "count": 20
        },
        "SmartBall.Losses.ValueLoss.mean": {
            "value": 0.0017997795162955298,
            "min": 0.0014368560034892567,
            "max": 0.002959187405940611,
            "count": 20
        },
        "SmartBall.Losses.ValueLoss.sum": {
            "value": 0.014398236130364239,
            "min": 0.010057992024424797,
            "max": 0.023673499247524887,
            "count": 20
        },
        "SmartBall.Policy.LearningRate.mean": {
            "value": 7.3560037980312496e-06,
            "min": 7.3560037980312496e-06,
            "max": 0.0002921595026135,
            "count": 20
        },
        "SmartBall.Policy.LearningRate.sum": {
            "value": 5.8848030384249996e-05,
            "min": 5.8848030384249996e-05,
            "max": 0.002220681059773,
            "count": 20
        },
        "SmartBall.Policy.Epsilon.mean": {
            "value": 0.10245196875000001,
            "min": 0.10245196875000001,
            "max": 0.1973865,
            "count": 20
        },
        "SmartBall.Policy.Epsilon.sum": {
            "value": 0.8196157500000001,
            "min": 0.7874675,
            "max": 1.5402270000000002,
            "count": 20
        },
        "SmartBall.Policy.Beta.mean": {
            "value": 0.000132353240625,
            "min": 0.000132353240625,
            "max": 0.004869586350000002,
            "count": 20
        },
        "SmartBall.Policy.Beta.sum": {
            "value": 0.001058825925,
            "min": 0.001058825925,
            "max": 0.0370173273,
            "count": 20
        },
        "SmartBall.IsTraining.mean": {
            "value": 1.0,
            "min": 1.0,
            "max": 1.0,
            "count": 20
        },
        "SmartBall.IsTraining.sum": {
            "value": 1.0,
            "min": 1.0,
            "max": 1.0,
            "count": 20
        }
    },
    "metadata": {
        "timer_format_version": "0.1.0",
        "start_time_seconds": "1621860861",
        "python_version": "3.8.10 (default, May 19 2021, 13:12:57) [MSC v.1916 64 bit (AMD64)]",
        "command_line_arguments": "C:\\Users\\josem\\anaconda3\\envs\\ml-agents-17\\Scripts\\mlagents-learn SmartBall.yaml --run-id=SmartBall_2Try",
        "mlagents_version": "0.26.0",
        "mlagents_envs_version": "0.26.0",
        "communication_protocol_version": "1.5.0",
        "pytorch_version": "1.7.1+cu110",
        "numpy_version": "1.20.3",
        "end_time_seconds": "1621861988"
    },
    "total": 1126.3671513000002,
    "count": 1,
    "self": 0.009641500000270753,
    "children": {
        "run_training.setup": {
            "total": 0.08968009999999982,
            "count": 1,
            "self": 0.08968009999999982
        },
        "TrainerController.start_learning": {
            "total": 1126.2678297,
            "count": 1,
            "self": 1.0599729999976262,
            "children": {
                "TrainerController._reset_env": {
                    "total": 47.8976086,
                    "count": 1,
                    "self": 47.8976086
                },
                "TrainerController.advance": {
                    "total": 1077.2167661000024,
                    "count": 68238,
                    "self": 0.9832408999984636,
                    "children": {
                        "env_step": {
                            "total": 935.2101380000146,
                            "count": 68238,
                            "self": 823.2347914000106,
                            "children": {
                                "SubprocessEnvManager._take_step": {
                                    "total": 110.89931739999392,
                                    "count": 68238,
                                    "self": 2.9966954999889595,
                                    "children": {
                                        "TorchPolicy.evaluate": {
                                            "total": 107.90262190000496,
                                            "count": 66698,
                                            "self": 36.035960500012806,
                                            "children": {
                                                "TorchPolicy.sample_actions": {
                                                    "total": 71.86666139999215,
                                                    "count": 66698,
                                                    "self": 71.86666139999215
                                                }
                                            }
                                        }
                                    }
                                },
                                "workers": {
                                    "total": 1.0760292000100549,
                                    "count": 68238,
                                    "self": 0.0,
                                    "children": {
                                        "worker_root": {
                                            "total": 1077.8919263000112,
                                            "count": 68238,
                                            "is_parallel": true,